timestamp,author,message
2023-12-01 08:09:42+00:00,silky-lapwing,De bel en camera doet het niet bij ingang 1. Kan wel de deur op afstand open doen.
2023-12-23 11:37:44+00:00,soft-eland,Maar ik zie geen beweging door de camera

2024-05-25 21:02:34+00:00,vivid-rhinoceros,"Lekker dan, tijdje terug raam ingeslagen van een auto, band lek geprikt, duister figuur gesignaleerd bij ingang 2 en nu dit weer. Misschien toch eens gaan overwegen of er geen camera's geplaatst moeten worden dat geeft een stukje veiligheid en werkt preventief.👊🏻"
2024-05-26 07:23:18+00:00,cheerful-mule,Camera's is geen overbodige luxe! Het is het overwegen waard!
2024-05-27 15:11:44+00:00,cheerful-mule,"Het zou geweldig zijn als er eindelijk camera's in ons flatgebouw worden opgehangen! Het eerste waar de politie naar vraag als er wat gebeurd is, zijn camerabeelden. Alle flats in de Tobias Asserlaan hebben  camera's hangen Wij zijn de enige flat  zonder camera's!"
2024-05-27 15:54:20+00:00,carefree-lark,Het idee van camera's hebben we jaren geleden tijdens een vergadering naar voren gebracht en men vond het te duur.
2024-05-28 10:52:20+00:00,intense-toad,Ik heb begrepen dat er ook nepcamera's hangen en weet niet of er bij ons meer of minder criminaliteit is. Camera's richten op de openbare weg is niet toegestaan volgens mij.
2024-05-28 11:05:45+00:00,intense-toad,"Is dit geen optie voor degenen die graag een camera hebben? Gewoon op je eigen voordeur bevestigen, met of zonder abonnement."
2024-05-28 11:14:05+00:00,cheerful-mule,Onze veiligheid komt op de 1ste plaats! In het hele land hangen  er camera's op de openbareweg!
2024-05-29 09:38:19+00:00,vivid-rhinoceros,"Nog even over de camerabeveiliging. Ik heb  zojuist Richard Niesing gesproken. Hij was bij mij i.v.m onderhoud airco's. Ik heb hem gevraagd of hij bekend is met camerabeveiliging. Hij heeft al een zestigtal objecten voorzien van camerabeveiliging zo ook de flat tegenover de onze (kant van de parkeerplaats). Onze flat is de enige flat die geen camerabeveiliging heeft. Richard gaf aan dat in de flat tegenover ons sinds de camera's er zijn geen incidenten meer hebben plaats gevonden ( zoals ongenode gasten, bevuiling van de centrale hallen en liften en het vervolgens niet opruimen, hangjongeren op de 9e en vandalisme aan auto's of deals van louche figuren op de parkeerplaats). Verder gaf Richard aan dat je de camera's kunt laten registreren bij de site  camera in beeld. Dit is een site van de politie. Wat betreft de privacy is dat het filmen van openbare ruimte in principe niet mag maar dit wordt zwaar gedoogd, helemaal als de camerabeelden eventueel worden gedeeld met de site camera in beeld. Rest alleen nog de vraag of de eigenaren van de appartementen voor of tegen zijn m.b.t eventuele camerabeveiliging. Ter info: de flat tegenover ons heeft 4 buitencamera's, 4 camera's in de centrale hallen, 2 camera's in de liften en 2 camera's op de 9e etage."
2024-05-29 10:20:46+00:00,cheerful-mule,"Dankjewel voor de uitgebreide info Martin, ik ben er een voorstander van dat er camera's in onze flat komen te hangen,voorkomt een heleboel narigheid 👍"
2024-06-01 19:23:19+00:00,vivid-rhinoceros,Welke randdebiel doet dit👺. Echt tijd om camera's op te hangen dan kunnen we zien wie dit doet.
2024-06-18 05:38:22+00:00,cheerful-mule,Als er camera's  hangen is het probleem opgelost!!!
2024-06-24 23:25:43+00:00,carefree-lark,"Camera ophangen, dan kun je ook zien wie wat vernield."
2024-06-26 22:19:06+00:00,radiant-coyote,"In mijn geval is het niet perse dat ik principieel tegen cameratoezicht ben, maar ik vind het wat voorbarig om voor te stemmen voordat er een uitgewerkt plan/overzicht is qua aanschaf- en installatiekosten, onderhoudskosten en waar de camera’s komen en wie er toegang krijgt tot de beelden:)."
2024-06-26 22:24:30+00:00,joyful-okapi,Je kan iedereen toegang geven tot beelden. Zolang je een login hebt. Je kan ook 1 persoon toegang geven. Je kan ook alleen toegang krijgen tot bepaalde camera’s.  Mogelijkheden genoeg.
2024-06-26 22:26:36+00:00,ethereal-lapwing,Ik stem eventueel voor als alleen de politie toegang krijgt tot de camera beelden die ze kunnen opvragen bij het bedrijf die de camera’s installeert .
2024-06-26 22:33:47+00:00,ethereal-lapwing,Werk bij een woningcorporatie en daar hebben we uiteraard ook camera’s hangen in de complexen. Alleen is het wel zo dat alleen de politie de beelden op mag vragen bij het bedrijf die de camera’s heeft geplaatst.
2024-06-26 22:35:04+00:00,happy-beaver,Belangrijk is om eerst het doel van de camera’s vast te stellen. Van daaruit kan er vervolgens naar de vorm worden gekeken
2024-06-27 10:51:48+00:00,carefree-lark,Helpt niet. Zelf met echte camera's zijn ze het gebouw binnen gekomen. Mijn buurvrouw Joan heeft een camera en zij kon alles zien en heeft ons ook gemeld. Het waren 2 mannen die de deuren aan het uitproberen waren.
2024-06-27 10:54:38+00:00,intense-toad,Wat stel je dan voor? Geen camera's?
2024-06-27 11:43:43+00:00,carefree-lark,"Overal echte camera's en ook optreden als we iets op de camera zien. Toen Joan de foto's toonde, begonnen sommige te klagen over privacy. Zodra een dief/inbreker zonder toestemming jouw pand is binnen gelopen heeft die geen recht op privacy. Dan moet zijn/haar foto overal getoond worden zodat anderen ook gewaarschuwd zijn."
2024-06-27 12:34:24+00:00,cheerful-mule,Aub wel camera's  plaatsen.
2024-06-27 13:05:07+00:00,waggish-porcupine,"Wij (nr 245) zijn in principe niet tegen de aanschaf van camera’s, maar wel als dat om financiële redenen ten koste gaat van zaken die in onze ogen ook heel belangrijk zijn, namelijk het toekomstbestendig maken (verduurzamen) van onze flat."
2024-06-27 18:30:48+00:00,happy-beaver,"Voor mijn gevoel is dit niet iets wat je met een simpele 'ja of nee; peiling kan beslissen. Zelf (219) ben ik voor de aanschaf van camera's, wel onder bepaalde voorwaarden (bv alleen politie/bestuur heeft toegang tot de beelden, camera's alleen op bepaalde plekken, extra maatregelen ala bewonersgedrag, borden, nepcamera's, etc.). Als ik die niet zie, stem ik nee. Daarom kan ik het niet zo 1-2-3 invullen"
2024-06-27 18:43:17+00:00,eye-catching-hare,"We willen eerst weten voordat we het gaan uitwerken en offertes gaan opvragen of er bewoners zijn die dit ook graag willen. Uiteraard worden de beelden niet inzichtbaar voor andere bewoners en alleen maar bekeken als er iets plaatsvindt, alle beelden worden automatisch gewist na een periode van hooguit een maand. Bij het plaatsen van camera's zijn we verplicht bordjes binnen en buiten te plaatsen om bezoekers en niet genodigden op de hoogte te brengen van cameratoezicht. Van de flat achter heb ik gehoord dat zij heel tevreden zijn en niet kapitale hebben uitgegeven hiervoor. Het gaat er dus NU alleen om zijn er bewoners voor of tegen voordat we er energie in steken."
2024-06-27 18:54:39+00:00,carefree-lark,Van mij nr. 230 mogen er camera's geplaatst worden.
2024-06-27 18:56:12+00:00,happy-beaver,"Het uitwerken begint juist nu, genoeg varianten in de chat voorbij zien komen (iedereen toegang tot de beelden tot alleen de politie is al één spectra aan mogelijkheden, laat staan nog over de locaties van de camera's en andere zaken rondom de beveiliging). Als, bij wijze van spreken, iedereen voor camera's zou zijn maar de ene helft optie A wil en de andere helft optie B, dan houdt het toch op? Dan komen er geen camera's (tenzij er een meerderheid is)."
2024-06-27 19:05:50+00:00,intense-toad,"Kan er misschien een camera-commissie komen? Angelique, kan jij dat regelen? Dan kunnen die leden verder met het uitwerken van de mogelijke opties ter stemming. Het lijkt me duidelijk dat er sowieso een optie moet zijn waarin alleen de politie en/of het beveilingsbedrijf de beelden kan terugzien en niet iemand uit het flatgebouw."
2024-06-27 20:28:04+00:00,springy-hare,"Hebben we toestemming van de gemeente nodig,voor camera’s die de openbare weg filmen?"
2024-06-27 21:02:18+00:00,ethereal-lapwing,Waarom mag je de openbare weg niet filmen? Op de straat mag geen camera gericht staan. Dit is om de privacy van voorbijgangers te beschermen. Op de website van de Autoriteit Persoonsgegevens staat meer informatie over cameratoezicht in en rond woningen.
2024-06-27 21:07:36+00:00,upbeat-pigeon,"Beste buren, is het een idee om een informele sessie in de hal beneden te organiseren? Dan zorgen we ervoor dat iemand langskomt van een bedrijf die aan de Tobias Asserlaan bij meerdere flats camera’s heeft geplaatst. Er is gelegenheid om vragen te stellen en hij kan toelichting geven over de verschillende mogelijkheden. We kunnen alvast een offerte opvragen zodat we een idee hebben van de kosten."
2024-06-27 22:28:25+00:00,intense-toad,"Dit is de firma die bij de hoge flat achter ons de camera's heeft geïnstalleerd, over die firma is men daar zeer tevreden. Wij gaan 1 januari over naar van Roemburg vve Beheer, flat 2 zit daar al bij, zij krijgen over enkele maanden een zeer modern camerasysteem. Samenwerking met flat 2 is ook een optie. De nieuw op te richten commissie kan de diverse opties onderzoeken en in een ledenvergadering ter stemming voorleggen. Graag ook voorlichting door andere firma's. ‎[27/06/2024, 22:31:55] Herman: ‎image omitted"
2024-06-28 12:44:52+00:00,eye-catching-hare,"Ik geef de camera commissie retour aan het bestuur.  Zij mogen de offertes opvragen, plan uitwerken en voor de  bewoners die wel interesse hebben in cameratoezicht voorlichten. Er komen te weinig reacties van de bewoners in de app groep en teveel discussies op de app. Het toevoegen van een ervaren specialist in deze app zodat ieder zijn vraag kan stellen en daar antwoord op kan krijgen en eventuele voorlichting door een ervaren specialist in hal 2 vindt de voorzitter geen optie. We zijn straks de enige flat zonder cameratoezicht, houdt er wel rekening mee dat we meer overlast kunnen verwachten o.a. hangjeugd, diefstal, inbraak en vernielingen etc."
2024-06-28 13:12:46+00:00,waggish-porcupine,"Ik denk dat de discussie juist voortkomt uit het feit dat er onvoldoende duidelijkheid is (over mogelijkheden, kosten, privacy etc.) om via Whatssapp tot een overeenstemming te komen. Dit speelt niet alleen bij de camera’s, maar bijvoorbeeld ook bij de mogelijkheden tot verduurzaming. Op dat punt is besloten om een commissie op te starten om de mogelijkheden en kosten in kaart te brengen en met een voorstel te komen. Wat ik eerder zei: wij zijn in principe niet tegen camera’s, maar het geld kan maar een keer uitgegeven worden. Ik denk dat het belangrijk is om wel de mogelijkheden te onderzoeken, los van de vraag of er daadwerkelijk wordt overgegaan tot aanschaf. Dit is ook wat wij doen bij de duurzaamheidscommissie. Want niet alleen op het punt van camera’s lopen wij achter op andere flats, maar ook op het punt van verduurzaming."
2024-06-28 13:16:14+00:00,intense-toad,"Ik bedoelde: Jammer dat je je opeens terugtrekt, misschien zijn er anderen die de camera-kar willen trekken. Er zijn genoeg voorstanders. ‎[28/06/2024, 17:51:45] ~ R.A.W.: beleidsregels_cameratoezicht-.pdf • ‎68 pages ‎document omitted ‎[28/06/2024, 21:53:14] Tba 215 Agatha: ‎image omitted"
2024-07-05 19:17:40+00:00,intense-toad,"Misschien willen enkele leden van onze VvE  een camera- voorstel gedetailleerd uitwerken met  bijvoorbeeld drie offertes. Eventueel van de firma die de hoge flat achter ons van camera's heeft voorzien, van Van Leeuwen die onze eigen intercom heeft aangelegd en nog een derde offerte. Er is tevens de goedkope mogelijkheid van een dummy waardoor je niets te maken hebt met privacy en dingen als: wie bekijkt de beelden. En daarna bekijken op een te beleggen officiële vve vergadering of er een meerderheid voor welke optie dan ook is. Vanzelfsprekend moet ook de optie: geen cameratoezicht aangeboden worden."
2024-08-07 20:10:35+00:00,carefree-lark,Het is tijd voor camera's.
2024-08-07 20:23:22+00:00,springy-hare,"Na de vervelende oplichting van een van onze bewoners vroeg de politie ook al om camerabeelden.Die zijn er niet.Wij hebben in september een afspraak met Richard Niessen om een uitleg te geven over camera’s.Hij heeft in de volgende flat de camera’s daar geplaatst.Hij geeft de voors en tegens van deze installatie aan.Als er een definitieve datum is,geef ik dat door en zijn de geïnteresseerden van harte welkom."
2024-09-11 16:25:50+00:00,springy-hare,"Beste medebewoners,De discussie over wel of geen camera’s in onze flat bleef hangen op,naar mijn mening,het gebrek aan informatie.Daarom heb ik Richard Niesing gevraagd om voorlichting te geven.Hij heeft in onze flats diverse airco’s geïnstalleerd en de andere flat van camera’s voorzien.Ik wil graag de voors en tegens horen.Ook over privacyregel Dan wil ik daarna een mening vormen.       Woensdagavond 25 september om 19.00u komt hij bij ons thuis(214).Ook u bent welkom.Geef wel even een berichtje,want er passen natuurlijk geen 50 mensen in onze kamer.Eventueel een krukje of vouwstoeltje meenemen.Hartelijke groet.Wil Pouw."
2024-09-22 14:19:49+00:00,springy-hare,"Beste buren,ov11 september heb ik een berichtje gestuurd over de groot aantal vragen die er zijn over camera toezicht in/bij onze flat.Richard Niesen komt woensdag om 19.00u antwoord geven op al de vragen die er leven.De opkomst is tot op heden erg klein.Daarom nog even een herinnering:woensdag 25 september op 214.Heb je vragen?Hier ligt de kans om ze te stellen! ‎[23/09/2024, 11:39:56] ~ Machteld Bouman: ‎image omitted ‎[23/09/2024, 11:39:57] ~ Machteld Bouman: ‎image omitted"

2024-10-03 15:07:32+00:00,eye-catching-hare,Wie is er tussen14.55 en15.00 met de lift 2e ingang naar boven gegaan? Een stuk natte snotprop op de liftplaat. Viezerikken 😡 Toch maar wel camera in de lift!
2025-01-13 09:50:57+00:00,intense-toad,Medewerker AT5 zei dat het vandaag wordt uitgezonden. De wethouder en de projectmanager wilden helaas het gesprek voor de camera niet met ons aan gaan.
2025-01-18 16:41:16+00:00,carefree-lark,Misschien een foto binnen het gebouw met een camera erop gericht.
2025-01-27 18:00:22+00:00,cheerful-boar,Zijn er al 3 offertes opgevraagd voor de camera's?
2025-01-27 19:51:24+00:00,intense-toad,"Het bestuur heeft het agendapunt 'schilderwerk voorzijde' juist naar voren geschoven omdat het schilderwerk ingepland moet worden, we hebben het graag vóó de zomervakantie en het schildersbedrijf moet de nodige vergunningen van de gemeente aanvragen. Dit kan niet wachten tot april/mei wanneer de 'grote' ledenvergadering is. Dan zijn we te laat voor dit schildersbedrij. Onze nieuwe beheermaatschappij Van Roemburg kan niet eerder een vergadering organiseren, ook omdat wij nieuw zijn bij hen. Het agenda punt camera's komt aan de orde in de ""grote"" ledenvergadering in april/mei omdat dat punt veel discussie, emoties en vragen met zich meebrengt. Die discussie etc. wil het bestuur heel graag laten leiden door iemand van Van Roemburg, die ervaring heeft met dit onderwerp. Het agendapunt 'schilderwerk voorzijde'  is een aanzienlijk makkelijker punt voor het bestuur om zelf te organiseren."
2025-01-27 20:29:39+00:00,intense-toad,"Een officiële vve ledenvergadering waar over agendapunten wordt gepraat, meningen worden uitgewisseld en wordt gestemd is iets anders dan een informele voorlichtingsavond. De medewerker van Van Roemburg leidt alleen de discussie, heeft verder geen professionele inbreng wat betreft camera's. Voor de inhoudelijke toelichting zijn Jos en Martin die zich in het onderwerp hebben verdiept en die de offertes hebben doorgespit. De medewerker van Van Roemburg weet wel hoe hij/zij de discussie over een gevoelig vve-onderwerp als cameratoezicht in goede banen kan leiden, voordat er gestemd wordt. Er zullen vragen zijn, ook van mensen die niet bij de informele bijeenkomst waren. Die mogelijkheid mag de leden die niet bij jullie aanwezig waren, niet worden ontnomen. Vanzelfsprekend zullen de vragen door Jos en Martin beantwoord worden, omdat zij van de hoed en de rand weten. Van het passeren van Jos en Martin die na bestudering van de diverse offertes een aanbeveling zullen doen in de 'grote' vergadering is vanzelfsprekend geen enkele sprake. Na het beantwoorden van vragen tijdens de vergadering in april/mei wordt over die aanbeveling gestemd. Het bestuur is volgens mij geheel transparant, wij hebben dit zo zorgvuldig met elkaar besproken."

2025-02-28 15:59:21+00:00,sunny-gazelle,"Beste bestuursleden,  Is de stemming over de camera's,  anoniem?  Gaarne alleen ja of nee antwoorden."
2025-02-28 16:47:57+00:00,eye-catching-hare,Ten eerste wordt er altijd anoniem gestemd net zoals met het schilderwerk. 2e of er wel of niet camera's komen interesseert me geen ene moer. Het enige wat ik vervelend vindt dat er mensen zijn die altijd commentaar hebben en zelf niks inbrengen. Dat gekonkel en schijnheiligheid  schiet bij mij in het verkeerde keelgat.🤮
2025-02-28 17:36:12+00:00,flexible-platypus,"@Jos, Martin, kunnen we hier in de appgroep de offertes krijgen, zodat de leden van onze VVE straks een weloverwogen keuze kunnen maken. Wel of geen camera’s, en zo ja, door welk bedrijf. Het gaat tenslotte om veel geld. Het moet transparant zijn waarvoor wij kunnen kiezen."
2025-03-02 20:51:14+00:00,entertaining-pig,"Mijn vraag over cameratoezicht is met name wat willen jullie in beeld brengen? Ik heb vandaag ff met wat agenten gekletst en die zeggen dat je er weinig mee kan. Je mag de openbare weg niet opnemen (parkeerterrein en fietsenstalling en alles om de flat) mocht daar iets gestolen worden of beschadigd, doet de politie daar niets mee want het houdt geen stand in een rechtbank. Dus het is met name schijnveiligheid. De agent raadde me een dummie camera aan, heeft hetzelfde effect als een die opneemt…."
2025-03-02 21:07:44+00:00,springy-hare,Het werkt dus afschrikwekkend.Straks met het speeleiland en de verwachte hangjongeren zeker.Ook met de fietsnietjes onder de balkons.Daar komen geen camera’s.
2025-03-02 21:12:21+00:00,springy-hare,"Wel gek dat je naar bv.112kijkt of opsporing gezocht,er altijd door de politie gevraagd wordt naar camera beelden.De agente die ik gesproken heb vond het een goed plan."
2025-03-02 21:35:39+00:00,springy-hare,Kan iemand mij uitleggen waarom in alle andere flats aan de T.A.wel camera’s geplaatst konden worden en bij ons zoveel problemen geeft?Ben benieuwd.
2025-03-02 21:37:04+00:00,ethereal-lapwing,Mijn vraag is wie kan de camera beelden inzien
2025-03-02 23:00:21+00:00,carefree-lark,"Onze prive parkeer terrein is geen openbare weg, er mogen camera's geplaatst worden. We betalen een bepaald bedrag als abonnement/contributie. In onze flat mag overal een camera hangen. Het is ook geen openbare weg. We zijn de eigenaar."
2025-03-02 23:47:25+00:00,carefree-lark,"Zolang je parkeer geld betaalt en niemand mag hier zomaar parkeren, kan een camera opgehangen worden. Zelf voor gasten moeten we betalen, het is niet gratis."
2025-03-03 08:18:56+00:00,vivid-rhinoceros,Is bij de flat tegenover ons ook gedaan. Hangen camera's die ook de openbare ruimte filmen. Wel borden geplaatst. Nooit problemen.😜
2025-03-03 11:15:21+00:00,eye-catching-hare,"Ik deel dit met jullie, zodat de bewoners weten waar ze aan toe zijn met de eventuele camera's die er mochten komen."
2025-03-03 11:43:55+00:00,sudsy-jellyfish,"Beste medebewoners, Tot onze grote spijt moeten wij u meedelen dat wij, Martin Hofmann en ik, Jos Pouw, onze taken als adviseur en bestuurslid van onze VvE, neerleggen. Waarom? Normaal gesproken neemt het bestuur een besluit. Zo’n besluit dient dan te worden gedragen door het volledig bestuur. Helaas gebeurt dit niet in het huidig bestuur. Na heel veel tijd en energie en het “camera-project” te hebben gestoken en een daarop volgend genomen bestuursbesluit, is IT Services Amsterdam voorgedragen als beste keus. Daarbij zijn 5 criteria in aanmerking genomen. De aspecten privacy en veiligheid hebben daarbij bijzondere aandacht gekregen. Ook wordt opgemerkt dat de goedkoopste keus niet altijd de beste is! Op 24 februari is tijdens de bestuursvergadering nogmaals vertrouwen in ons uitgesproken Nadat het bestuursbesluit is genomen, bleek dat de voorzitter achter onze rug contact heeft opgenomen met een ander installatiebedrijf, te weten van Leeuwen Elektra BV en contact heeft gehad met enkele bewoners. Helaas heeft het eerder in ons uitgesproken vertrouwen dus niet mogen baten. Ook nu nog worden vragen en opmerkingen niet naar ons (commissie camera’s) doorverwezen. Voor ons is het werken op deze manier onmogelijk geworden: op meerdere momenten was er bemoeienis zonder dat te weten. Dat roept veel spanning en stress op. De maat is een keer vol en het laat ons geen andere keus dan alle taken per direct neer te leggen. Wij danken alle andere bestuursleden voor hun vertrouwen en wensen u een goede jaarvergadering."
2025-03-03 13:30:36+00:00,springy-hare,Mevr.Lange is opgelucht dat Jos isopgestapt.Geen lastige vragen meer.Geen gezichtsverlies tegenover Richard .WfZ.Trut.Dank je wel.Het gaat niet over de camera’s.Ieder zijn/haar mening.Gaat over samenwerking met jouw man!!!
2025-03-03 15:34:27+00:00,eye-catching-hare,"Beste bewoners, ik geef toe dat dit allemaal heel vervelend is op de app. Er zijn al verschillende bewoners die ons hebben aangesproken wat er allemaal aan de hand is en er niks meer van snappen. In het kort leg ik jullie uit wat er aan de hand. - Martin en Jos waren aangewezen door het bestuur om zich te verdiepen in camera's om ons gebouw veilig te houden."
2025-03-03 15:39:41+00:00,eye-catching-hare,- zij hebben dat uitgezocht en geprobeerd om de juiste keuze te maken - Fiat gekregen van het bestuur - bij de algemene ledenvergadering zouden zij d.m.v. een PowerPoint nog het een en ander uitleggen - er konden ook voor de vergadering vragen gesteld worden zodat de vergadering niet zo lang zou duren - achter de rug van Martin en Jos zijn er een aantal mensen die tegen camera's zijn zelf onderzoek gestart - dit gaf Martin en Jos het gevoel dat zij gewantrouwd worden. - conclusie zij stoppen ermee.
2025-03-03 15:44:49+00:00,eye-catching-hare,"O ja, iedereen mag zijn eigen mening hebben om voor of tegen camera's te zijn. Let wel dat wij de enige zijn op de Tobias Asserlaan en Martin lutherkinglaan die geen camerabeveiliging hebben om onze bewoners veiligheid te garanderen."
2025-03-03 17:28:01+00:00,entertaining-pig,"Oké, sorry. Hoeveel veiligheid geeft zo’n camera? Gaat het mensen tegenhouden om een fiets te stelen, in te breken of iemand te beroven? Komt de politie meteen aanrijden als een een verdacht persoon in beeld loopt? Nee! Iemand die kwaad wil zorgt er echt wel voor dat hij niet herkend wordt. Dus je kan camera’s wel aanprijzen als veiligheid maar het helpt helemaal niet. Het is alleen een psychisch effect…. En het kost ons veel geld extra.  Ja, natuurlijk verkoopt een cloud-dienst het als veilig. Een 2dehands auto verkoper zegt immers ook dat het wagentje van een oud vrouwtje is geweest en altijd binnen heeft gestaan. Camera’s zijn schijnveiligheid en geeft niet meer beveiliging dan een paar dummy’s."
2025-03-03 18:09:40+00:00,carefree-lark,"Je kan altijd iets.  Als je het op de camera hebt is er bewijs en kan je er altijd iets mee. Een vriendin had een camera geplaatst en 3 jongens waren over het hek geklommen en in haar tuin gekomen, etc. Ze kon het inzien en heeft het direct op internet geplaatst. De politie kwam langs en vroeg haar of ze aub het bericht van internet kon verwijderen, omdat de jongens  al genoeg gestraft waren,  want iedereen had het gezien. Blabla blabla. Ze heeft geweigerd. Haar antwoord was, ik heb mijn huis gefotografeerd en niet de jongens. De politie kon niets doen, alleen een bedreiging aan haar adres. Ze won de zaak."
2025-03-03 18:30:45+00:00,giddy-tardigrade,Maar het gaat hier toch niet alleen maar over de camera’s voor de parkeerplaats?
2025-03-03 22:19:04+00:00,carefree-lark,"De camera was ook op straat gericht, ze kon de jongens die over het hek zien klimmen. Dat is vanuit de straat over het hek. Volgens jouw schrijven zou dat niet mogen. Ze heeft de zaak gewonnen omdat ze kon aantonen dat de camera vast zat aan haar huis en natuurlijk wordt daarbij een deel v/d straat opgenomen. Dat is normaal, maar het was niet op de straat gericht. Dat is precies wat wij ook kunnen doen. Dat daarbij een meter v/d straat ook meegenomen in de opname is niet erg. ‎[04/03/2025, 09:33:06] Herman: ‎image omitted"
2025-03-07 14:51:14+00:00,springy-hare,"Beste medebewoners,Nu het bestuur besloten heeft om het besluit over de camera’s,voor de 2x op de lange baan te schuiven en dit aan de firma van Roemburg uit te besteden (die al een voorkeur heeft uitgesproken en waardoor de uitslag nu al vaststaat)is de maat vol.Na de insinuerende opmerkingen van mevr.Lange :geen gezichtsverlies naar Richard en de vragen werden te lastig,werd ons de vraag gesteld of Jos en Martin dan corrupt waren?Ik heb die persoon doorgestuurd naar mevr.Lange.Ik ga niet ,zoals met mij wel gebeurde,achter iemands rug om.Corrupt,dat is nogal wat.Het tegendeel is juist waar.Zij zijn altijd open en transparant geweest.Wat niet van de voorzitter gezegd kan worden.Achter het bestuur om,een bestuursbesluit naast je neerleggen, een offerte doorspelen naar een concurrerende firma van Leeuwen,is beneden alle peil.Omdat er geen concurrentie beding was getekend mag dit,wettelijk gezien.Daarbij wordt echter opgemerkt dat dit IMMOREEL gedrag is!Dat is nogal wat!Dit gedrag van de voorzitter is niet nieuw.Hij doet ook aan illegale woning inspectie.Al met al een aardige rij incidenten.Nu wordt dit gedrag door het bestuur weer beloond en worden Jos en Martin,die vanwege dit gedrag zijn opgestapt,(en dus NIET vanwege de camera’s)in de kou gezet.Vieze spelletjes en immoreel gedrag loont dus.Wij krijgen dus voorlopig geen kans om op democratische wijze onze stem te laten horen.Diep en diep triest!Ik weet dat deze app.alleen bedoeld is om vragen en beheer van dit gebouw,maar vind dat iedereen dit moet weten.Je mag je afvragen of iemand die zo handelt,zo’n functie moet bekleden."
2025-03-07 14:56:39+00:00,springy-hare,Help het je hopen.Camera’s zijn van de agenda.Er wordt dus niet gestemd.
2025-03-07 22:13:29+00:00,carefree-lark,"Als we over verfkleur kunnen stemmen, dan moet dan ook kunnen m.b.t. camera's."
2025-03-07 22:15:34+00:00,springy-hare,Ja helemaal eens.Maar de voorzitter wil helemaal geen camera’s!!Dus alles werd gefrustreerd!En niet voor het eerst.Een aantal geleden ook al gebeurd.
2025-03-08 07:28:20+00:00,cheerful-boar,"Bewoners,  Als lid van de kascommissie  en oud bestuurslid van de VVE wil ik u er op wijzen dat NIET het bestuur, het hoogste orgaan van de VVE is maar de ALV(Algemene Ledenvergadering). U dus. U kunt van mij aannemen dat o.a. ik daar kritisch op let dat de regels van een VVE worden gevolgd. We zijn geen personeelsvereniging.  ×Als het klopt dat het agendapunt camera's wordt *verschoven* dan lijkt me dat voor nu, een verstandig besluit.  Ik wens u allen, een fijn weekend.  Met vriendelijke groet, Rinus Friederichs"
2025-03-10 21:15:17+00:00,limber-ostrich,Beste bewoners. Het bestuur heeft na overleg met Van Roemburg Beheer unaniem besloten het agendapunt camera’s naar de ledenvergadering in november 2025 te verplaatsen. Er zijn onvoorzien nog nieuwe vragen opgekomen. Wij vragen om uw begrip en zullen u in november een voorstel doen.
2025-03-11 06:53:04+00:00,sunny-gazelle,"Goedemorgen.  Hoeft niet. @⁨~Joan Dest⁩ en @⁨~Maureen De Keyzer⁩ Als er een meerderheid voor is in november dan komen er camera's. De laatste 15 jaar was de meerderheid tegen.  Ik vind het voor nu, een goed besluit. Even rust in onze flat.  Ongevraagd advies aan het bestuur: eerst de leden laten stemmen voor of tegen camera's en dan pas verder of niet."
2025-03-11 10:23:56+00:00,carefree-lark,"@⁨Colinda Kooter⁩ Om een stemming nu te wijzigen lijkt me niet handig, temeer dat er veel commotie over is geweest. Het maakt niet of sommigen wel/tegen/neutraal waren tegen het plaatsen van een camera. Als er een camera had gestaan was de beroving van de oudere buurvrouw opgelost geweest."
2025-03-11 14:10:26+00:00,cheerful-boar,"Bericht van Rinus Friederichs, nr. 223. Lid kascommissie. Oud bestuurslid van de VVE.  Verstandig besluit!  Wat in ieder geval niet goed is gegaan met het project camera's: *is de meerderheid voor of tegen camera's! We hebben hierover NIET gestemd. *stel de meerderheid is voor dan hadden alle 3 de offertes beknopt besproken moeten worden met ALLE leden. *stel er zijn al 2 offertes afgezegd terwijl dit niet besproken is met de leden. De keuze is zonder de leden te raadplegen dus al gemaakt.  Er is nooit door de leden, een mandaat voor camera's afgegeven op de ALV van 04-04-2024. Een besluit van de VVE is nietig wanneer het in strijd is met het modelregelement 1992 en de splitsingsakte.  Men is te enthousiast hiermee aan de slag gegaan, wat zeer te waarderen is. Laat daar geen misverstand over zijn. Hopelijk kunnen alle leden op een gegeven moment inzien dat dit niet de manier was zoals het aangepakt had moeten worden. We zijn nooit te oud om te leren van fouten.  Nogmaals: het bestuur beslist niet over wel of geen camera's. Wij doen dat met z'n allen.  Voor degenen die op oorlogspad zijn tijdens de jaarvergadering, gedraag u of blijf thuis. Vergeet dan niet om uw machtiging af te geven! Ook uw stem is belangrijk. ‎[11/03/2025, 14:28:53] ~ Angelique: ‎image omitted"
2025-03-11 15:02:05+00:00,vivid-rhinoceros,Dank je Rinus voor je uiteenzetting hoe het zou moeten gaan. Wat ik alleen niet begrijp is dat er dus eerst over de camera's ja of nee moet worden gestemd door de leden en waarom dat dit niet as. donderdag op de ALV kan worden gedaan en nu moet worden uitgesteld tot de ALV in november. Zou een hoop duidelijkheid verschaffen voor de leden en het bestuur. Als het een nee wordt hoeft er geen energie en tijd meer in het project camera's gestoken te worden. Als het een ja wordt kan er sneller actie worden ondernomen om de offertes te bespreken met de leden en een keuze te maken voor welke offerte wordt gekozen. Dit zou dan kunnen op een extra ALV.
2025-03-11 15:05:54+00:00,vivid-rhinoceros,Bovendien staat het punt camera's al op de agenda dus kan er wat mij betreft gestemd worden ja/nee op de vergadering.
2025-03-11 15:38:17+00:00,limber-ostrich,Naar mijn mening (!) is er nu teveel onduidelijkheid voor een stemming. Ik denk dat er voldoende mensen zijn die achter camera’s staan en het bestuur heeft ook al een voorstel toegezegd. De volgende alv in november is daar een moment voor. Een eerdere alv is zeker ook een optie. Dat zou aan de komende vergadering kunnen worden gevraagd.
2025-03-25 19:38:22+00:00,vivid-rhinoceros,Ik heb te horen gekregen dat er binnen onze VVE geen voldoende financiën zijn om Camerabeveiliging te realiseren. Dus een stemming in de toekomst over wel/niet Camerabeveiliging lijkt me niet zinvol. Heeft er iemand een probleem als ik op mijn balkon een camera plaats die de parkeerplaats filmt? Ook ben ik bereid om eventueel een camera in de entree van ingang 2 te laten plaatsen ter onze beveiliging. Graag hoor ik jullie mening.
2025-03-25 22:27:18+00:00,waggish-porcupine,De camera’s kunnen toch ook op een andere manier bekostigd worden dan vanuit de vve reserves? Met een eenmalige extra bijdrage van de eigenaren?
2025-03-25 23:21:53+00:00,limber-ostrich,Excuus voor de verwarring. Mijn fout. Bestuur vergadert maandag 14-4. Camera’s op de agenda.
2025-03-27 17:51:43+00:00,carefree-lark,"Had net vanmiddag een gesprek hierover. Zolang de camera vast zit aan jouw huis/appartement en het niet opzettelijk op de straat gericht is, mag je het plaatsen."
2025-04-08 21:00:06+00:00,eye-catching-hare,"Camera in Beeld - veelgestelde vragen - Camera in Beeld is een systeem van de politie waar burgers en bedrijven vrijwillig hun beveiligingscamera(‘s) kunnen aanmelden. Dankzij deze informatie weten wij per straat welke beveiligingscamera’s beschikbaar zijn. Als er een misdrijf is gepleegd waarbij camerabeelden kunnen helpen om de daders op te sporen, kunnen wij die beelden gericht opvragen bij de camera-eigenaren.  Lees het volledige bericht: https://www.politie.nl/onderwerpen/camera-in-beeld.html"
2025-04-19 06:26:52+00:00,cheerful-mule,"Dat is het voordeel als er camera's gehangen, schrikt af!"

2025-07-03 08:32:42+00:00,limber-ostrich,Beste bewoners. Vanavond is de vergadering over de camera beveiliging. Mocht u verhinderd zijn wilt u dan een andere bewoner machtigen voor u te stemmen? Bij een te lage opkomst vertraagt de besluitvorming. Het voorstel gaat dan naar de volgende vergadering. Dat is onplezierig voor het bestuur en de voorstanders. Dank.
2025-07-08 12:12:49+00:00,zany-trout,"Alle Flatgebouwen in de Tobias Asserlaan van begin tot het einde en ook de Martin Luther Kinglaan zijn voorzien van Beveiliging Camera’s, heb ze 1 voor 1 bezocht   , dus Geen overbodige Luxe dat onze VVE  ook Beveiliging Camera’s laten plaatsen ."
2025-07-08 13:01:00+00:00,happy-beaver,Wel is het verschillend per flat hoeveel camera’s er zijn gemonteerd
2025-07-08 14:00:22+00:00,zany-trout,"Heb de Flats alleen van de buiten kant bekeken, en niet met Beheerders gesproken die de Opnames van de Camera’s beheren."
2025-07-08 19:54:56+00:00,vivid-rhinoceros,Misschien is dit een idee om de entree te moderniseren. Van Leeuwen gaat ook de camera's  plaatsen.
2025-08-08 13:56:27+00:00,joyful-okapi,Prima toch. Kleur valt wel op. Alleen op de juiste plaatsen plakken.  Zijn er screenshots beschikbaar om te delen hoe de camera beelden er uit zien en wat ze zien?
2025-08-08 14:02:45+00:00,elaborate-jay,"Hallo, kan iemand het volgende verduidelijken: 1. wat ziet de camera? 2. Is het 360 graden? 3. Hoe lang worden de opnames bewaard? 4. Is het een lokale of cloudoplossing?"
2025-08-08 14:25:37+00:00,vivid-rhinoceros,"PROCEDURE CAMERATOEZICHT (VERSIE 250610) 1. Doel van het cameratoezicht Het doel van het plaatsen van beveiligingscamera’s is: •	Het vergroten van de veiligheid voor bewoners en bezoekers. •	Het voorkomen en registreren van vandalisme, inbraak en andere strafbare feiten. •	Het beschermen van gemeenschappelijke eigendommen van de VvE.  2. Aantal en locaties van de camera’s Er worden 10 camera’s geplaatst op strategische locaties, •	Buiten 5x: ingang Tobias Asserlaan zijde en 1x bij elke garagedeur. •	Binnen 5x (allemaal begane grond) namelijk: 2x bij brievenbusruimtes, 2x in hallen naar liften en 1x richting box gang voorzijde. Opmerking: Camera’s richten zich zo veel als mogelijk op gemeenschappelijke ruimten en eigendommen. Reden van de buitencamera’s die deels de openbare weg filmen is het beschermen van eigendommen op het parkeerterrein. Recent is er een scooter gestolen, maar ook zijn er voorbeelden van kapot geslagen routen in auto;s. Het doel is dan ook alleen bij misdaad deze beelden te kunnen delen met de politie. 3. Juridische grondslag De camerabewaking vindt plaats op grond van een gerechtvaardigd belang, zoals bedoeld in de Algemene Verordening Gegevensbescherming (AVG). De belangenafweging is vastgelegd in een verwerkingsregister en privacy-impactanalyse (PIA). 4. Medebewoners informeren Alle bewoners worden vooraf schriftelijk geïnformeerd over: •	De reden van cameratoezicht •	De locaties van de camera’s •	Hoe lang beelden bewaard worden •	Wie toegang heeft tot de beelden Daarnaast worden zichtbare waarschuwingsetiketten geplaatst bij de ingangen van het gebouw. 5. Toegang tot camerabeelden De camerabeelden worden alleen bekeken: •	Bij een incident, op verzoek van het bestuur of de politie •	Door twee daartoe bevoegde personen, benoemd door de VvE Toegang wordt beveiligd en vindt plaats onder strikte controle. 6. Bewaartermijn van beelden De beelden worden maximaal 24 uur bewaard,  tenzij er een incident heeft plaatsgevonden waarvoor verlenging nodig is voor opsporing of verzekering. In dat geval moet een lid het incident tijdig melden, omdat de beelden 24 uur bewaard blijven. 7. Beheer en onderhoud Het systeem wordt onderhouden door een gecertificeerd beveiligingsbedrijf. Jaarlijks vindt een controle plaats op werking, beeldkwaliteit en naleving van het protocol. De plaatsing zal worden gedaan in de “garage van de scootmobiels”. De kast zelf is beveiligd. Verder zal er een service en onderhoudscontract afgesloten worden. 8. Verantwoordelijkheid De VvE is verwerkingsverantwoordelijke in de zin van de AVG. Contactgegevens van de verantwoordelijke worden opgenomen in het huishoudelijk reglement en op aanvraag verstrekt. 9. Klachten en verzoeken Bewoners kunnen klachten of inzageverzoeken indienen bij het VvE-bestuur. Bezwaar tegen de plaatsing van camera’s kan schriftelijk kenbaar worden gemaakt en wordt besproken tijdens de Algemene Ledenvergadering. 10. Vaststelling en herziening Dit protocol wordt vastgesteld door de Algemene Ledenvergadering van de VvE. Herziening vindt plaats bij wijziging van wet- of regelgeving of op voorstel van het bestuur."
